Column1,Column2,Column3
Question 1,Estimated task time (ns),18100680275.0
Question 2,Estimated task time (ns),6289513146.0
Question 3,Estimated task time (ns),6598982575.0
Question 4,Estimated task time (ns),6051000897.0
Question 5,Estimated task time (ns),5152789087.0
Question 6,Estimated task time (ns),5796865123.0
Question 7,Estimated task time (ns),5520321642.0
Question 8,Estimated task time (ns),7110390023.0
Question 9,Estimated task time (ns),6683609043.0
Question 10,Estimated task time (ns),6160317379.0
Question 11,Estimated task time (ns),10375128514.0
Question 12,Estimated task time (ns),7228543120.0
Question 13,Estimated task time (ns),7280738250.0
Question 14,Estimated task time (ns),16058689530.0
Question 15,Estimated task time (ns),10180738241.0
Question 16,Estimated task time (ns),18845649711.0
Question 17,Estimated task time (ns),12181990253.0
Question 18,Estimated task time (ns),5078523836.0
Question 19,Estimated task time (ns),5259641706.0
Question 20,Estimated task time (ns),3958460677.0
Question 21,Estimated task time (ns),6368102679.0
Question 22,Estimated task time (ns),9814373235.0
Question 23,Estimated task time (ns),5127312496.0
Question 24,Estimated task time (ns),8032256598.0
Question 25,Estimated task time (ns),5718112669.0
Question 26,Estimated task time (ns),9588859934.0
Question 27,Estimated task time (ns),7854175896.0
Question 28,Estimated task time (ns),10015299436.0
Question 29,Estimated task time (ns),9534954789.0
Question 30,Estimated task time (ns),6476768732.0
Question 31,Estimated task time (ns),6745851052.0
Question 32,Estimated task time (ns),11785380827.0
Question 33,Estimated task time (ns),6106123266.0
Question 34,Estimated task time (ns),6030156917.0
Question 35,Estimated task time (ns),8971048414.0
Question 36,Estimated task time (ns),8204765864.0
Question 37,Estimated task time (ns),7742732141.0
Question 38,Estimated task time (ns),7383889478.0
Question 39,Estimated task time (ns),7595481928.0
Question 40,Estimated task time (ns),7978190943.0
Question 41,Estimated task time (ns),32268290463.0
Question 42,Estimated task time (ns),13071788715.0
Question 43,Estimated task time (ns),6362946368.0
Question 44,Estimated task time (ns),12175675076.0
Question 45,Estimated task time (ns),8181649015.0
Question 46,Estimated task time (ns),6140393117.0
Question 47,Estimated task time (ns),9234720512.0
Question 48,Estimated task time (ns),12961290672.0
Question 49,Estimated task time (ns),9822462733.0
Question 50,Estimated task time (ns),8412212112.0
Number Questions Asked,50,
Number Questions Correctly Answered,49,
Aerage Response Time Per Question (ns),8912356782,
Question 1,Estimated task time (ns),12242348340.0
Question 2,Estimated task time (ns),6572274235.0
Question 3,Estimated task time (ns),21418798880.0
Question 4,Estimated task time (ns),5649683180.0
Question 5,Estimated task time (ns),19819021975.0
Question 6,Estimated task time (ns),2395365485.0
Question 7,Estimated task time (ns),7073482130.0
Question 8,Estimated task time (ns),5647114432.0
Question 9,Estimated task time (ns),7172628037.0
Question 10,Estimated task time (ns),6305654268.0
Question 11,Estimated task time (ns),3591664091.0
Question 12,Estimated task time (ns),5078180095.0
Question 13,Estimated task time (ns),7334437480.0
Question 14,Estimated task time (ns),2701744490.0
Question 15,Estimated task time (ns),6653582873.0
Question 16,Estimated task time (ns),6605082513.0
Question 17,Estimated task time (ns),8666383494.0
Question 18,Estimated task time (ns),4767033485.0
Question 19,Estimated task time (ns),7598883082.0
Question 20,Estimated task time (ns),3681718943.0
Question 21,Estimated task time (ns),6767776523.0
Question 22,Estimated task time (ns),6174615287.0
Question 23,Estimated task time (ns),2839743797.0
Question 24,Estimated task time (ns),6630805113.0
Question 25,Estimated task time (ns),6129125248.0
Question 26,Estimated task time (ns),8233796643.0
Question 27,Estimated task time (ns),7847216820.0
Question 28,Estimated task time (ns),11897516310.0
Question 29,Estimated task time (ns),3916243197.0
Question 30,Estimated task time (ns),14664920750.0
Question 31,Estimated task time (ns),11898182670.0
Question 32,Estimated task time (ns),7014339643.0
Question 33,Estimated task time (ns),1459178825.0
Question 34,Estimated task time (ns),3890430472.0
Question 35,Estimated task time (ns),11992211408.0
Question 36,Estimated task time (ns),6978672725.0
Question 37,Estimated task time (ns),4656991126.0
Question 38,Estimated task time (ns),2452915375.0
Question 39,Estimated task time (ns),4615944693.0
Question 40,Estimated task time (ns),5691452062.0
Question 41,Estimated task time (ns),4661474956.0
Question 42,Estimated task time (ns),3578989878.0
Question 43,Estimated task time (ns),2792466485.0
Question 44,Estimated task time (ns),9882723943.0
Question 45,Estimated task time (ns),6752471569.0
Question 46,Estimated task time (ns),2715226061.0
Question 47,Estimated task time (ns),5041422656.0
Question 48,Estimated task time (ns),8103434430.0
Question 49,Estimated task time (ns),8578867717.0
Question 50,Estimated task time (ns),5386155322.0
Number Questions Asked,50,
Number Questions Correctly Answered,50,
Aerage Response Time Per Question (ns),6884407864,
Question 1,Estimated task time (ns),3687955600.0
Question 2,Estimated task time (ns),7766901300.0
Question 3,Estimated task time (ns),5659492700.0
Question 4,Estimated task time (ns),20008244100.0
Question 5,Estimated task time (ns),10864717200.0
Question 6,Estimated task time (ns),10359830300.0
Question 7,Estimated task time (ns),10127465800.0
Question 8,Estimated task time (ns),8384277100.0
Question 9,Estimated task time (ns),5639130100.0
Question 10,Estimated task time (ns),1874949200.0
Question 11,Estimated task time (ns),5516998900.0
Question 12,Estimated task time (ns),10919551500.0
Question 13,Estimated task time (ns),4513669200.0
Question 14,Estimated task time (ns),3660209000.0
Question 15,Estimated task time (ns),7530534300.0
Question 16,Estimated task time (ns),3142431200.0
Question 17,Estimated task time (ns),8545727500.0
Question 18,Estimated task time (ns),2968755400.0
Question 19,Estimated task time (ns),3726065800.0
Question 20,Estimated task time (ns),1904180300.0
Question 21,Estimated task time (ns),2231205500.0
Question 22,Estimated task time (ns),4925529900.0
Question 23,Estimated task time (ns),6841699500.0
Question 24,Estimated task time (ns),2306061200.0
Question 25,Estimated task time (ns),3771441100.0
Question 26,Estimated task time (ns),10014710500.0
Question 27,Estimated task time (ns),2728051500.0
Question 28,Estimated task time (ns),4136452000.0
Question 29,Estimated task time (ns),3408202000.0
Question 30,Estimated task time (ns),9156257200.0
Question 31,Estimated task time (ns),8151631400.0
Question 32,Estimated task time (ns),8947876600.0
Question 33,Estimated task time (ns),3838049700.0
Question 34,Estimated task time (ns),12600018200.0
Question 35,Estimated task time (ns),4085122900.0
Question 36,Estimated task time (ns),4666515500.0
Question 37,Estimated task time (ns),4271684400.0
Question 38,Estimated task time (ns),2657150900.0
Question 39,Estimated task time (ns),2185797400.0
Question 40,Estimated task time (ns),6898526900.0
Question 41,Estimated task time (ns),3725452400.0
Question 42,Estimated task time (ns),7402449800.0
Question 43,Estimated task time (ns),5862612100.0
Question 44,Estimated task time (ns),5606013500.0
Question 45,Estimated task time (ns),7004892600.0
Question 46,Estimated task time (ns),2922650100.0
Question 47,Estimated task time (ns),5892967200.0
Question 48,Estimated task time (ns),3001987500.0
Question 49,Estimated task time (ns),6765914900.0
Question 50,Estimated task time (ns),2255643100.0
Number Questions Asked,50,
Number Questions Correctly Answered,47,
Aerage Response Time Per Question (ns),5901273080,
Question 1,Estimated task time (ns),11290769863.0
Question 2,Estimated task time (ns),3150061030.0
Question 3,Estimated task time (ns),12691121602.0
Question 4,Estimated task time (ns),2581839402.0
Question 5,Estimated task time (ns),6866512750.0
Question 6,Estimated task time (ns),6886843336.0
Question 7,Estimated task time (ns),12062392426.0
Question 8,Estimated task time (ns),13803711503.0
Question 9,Estimated task time (ns),5430470342.0
Question 10,Estimated task time (ns),22685308934.0
Question 11,Estimated task time (ns),7890602444.0
Question 12,Estimated task time (ns),3850604299.0
Question 13,Estimated task time (ns),3111647305.0
Question 14,Estimated task time (ns),7637865667.0
Question 15,Estimated task time (ns),2727851285.0
Question 16,Estimated task time (ns),20647777224.0
Question 17,Estimated task time (ns),5472216506.0
Question 18,Estimated task time (ns),6251750400.0
Question 19,Estimated task time (ns),7065043294.0
Question 20,Estimated task time (ns),3056859111.0
Question 21,Estimated task time (ns),7258225621.0
Question 22,Estimated task time (ns),3729788235.0
Question 23,Estimated task time (ns),8986493709.0
Question 24,Estimated task time (ns),5490099061.0
Question 25,Estimated task time (ns),9921015230.0
Question 26,Estimated task time (ns),3757411734.0
Question 27,Estimated task time (ns),6717307604.0
Question 28,Estimated task time (ns),8666270832.0
Question 29,Estimated task time (ns),3494687929.0
Question 30,Estimated task time (ns),3850726406.0
Question 31,Estimated task time (ns),3414264766.0
Question 32,Estimated task time (ns),6037331859.0
Question 33,Estimated task time (ns),4093780494.0
Question 34,Estimated task time (ns),3668456729.0
Question 35,Estimated task time (ns),9292628647.0
Question 36,Estimated task time (ns),4276719965.0
Question 37,Estimated task time (ns),2951699337.0
Question 38,Estimated task time (ns),7723481402.0
Question 39,Estimated task time (ns),4976838706.0
Question 40,Estimated task time (ns),5880421547.0
Question 41,Estimated task time (ns),4559499929.0
Question 42,Estimated task time (ns),9671700529.0
Question 43,Estimated task time (ns),3681670586.0
Question 44,Estimated task time (ns),2207604841.0
Question 45,Estimated task time (ns),7267875573.0
Question 46,Estimated task time (ns),6272220079.0
Question 47,Estimated task time (ns),8339596772.0
Question 48,Estimated task time (ns),6588322137.0
Question 49,Estimated task time (ns),3871130005.0
Question 50,Estimated task time (ns),7308057280.0
Number Questions Asked,50,
Number Questions Correctly Answered,47,
Aerage Response Time Per Question (ns),6782331525,
Question 1,Estimated task time (ns),9254873300.0
Question 2,Estimated task time (ns),8363789300.0
Question 3,Estimated task time (ns),5062031500.0
Question 4,Estimated task time (ns),5115230100.0
Question 5,Estimated task time (ns),10475413600.0
Question 6,Estimated task time (ns),4921076100.0
Question 7,Estimated task time (ns),13480885700.0
Question 8,Estimated task time (ns),12887203200.0
Question 9,Estimated task time (ns),3925714700.0
Question 10,Estimated task time (ns),24306447700.0
Question 11,Estimated task time (ns),6156534500.0
Question 12,Estimated task time (ns),2472363800.0
Question 13,Estimated task time (ns),1978299300.0
Question 14,Estimated task time (ns),6749435000.0
Question 15,Estimated task time (ns),4030733100.0
Question 16,Estimated task time (ns),13075435000.0
Question 17,Estimated task time (ns),9145868500.0
Question 18,Estimated task time (ns),5877752600.0
Question 19,Estimated task time (ns),6211333200.0
Question 20,Estimated task time (ns),6836730300.0
Question 21,Estimated task time (ns),10512762800.0
Question 22,Estimated task time (ns),6207212500.0
Question 23,Estimated task time (ns),2649937000.0
Question 24,Estimated task time (ns),7862218000.0
Question 25,Estimated task time (ns),3835964100.0
Question 26,Estimated task time (ns),8529864100.0
Question 27,Estimated task time (ns),2054736100.0
Question 28,Estimated task time (ns),17022632600.0
Question 29,Estimated task time (ns),5394316200.0
Question 30,Estimated task time (ns),3268717400.0
Question 31,Estimated task time (ns),9285926600.0
Question 32,Estimated task time (ns),4290510900.0
Question 33,Estimated task time (ns),2161031500.0
Question 34,Estimated task time (ns),12643840000.0
Question 35,Estimated task time (ns),3511794500.0
Question 36,Estimated task time (ns),3633907600.0
Question 37,Estimated task time (ns),4751963700.0
Question 38,Estimated task time (ns),10209968500.0
Question 39,Estimated task time (ns),5627149500.0
Question 40,Estimated task time (ns),2419966700.0
Question 41,Estimated task time (ns),4015140000.0
Question 42,Estimated task time (ns),2980034400.0
Question 43,Estimated task time (ns),5063009800.0
Question 44,Estimated task time (ns),10410187700.0
Question 45,Estimated task time (ns),5215999200.0
Question 46,Estimated task time (ns),1704159200.0
Question 47,Estimated task time (ns),7074624600.0
Question 48,Estimated task time (ns),4907416200.0
Question 49,Estimated task time (ns),11930208400.0
Question 50,Estimated task time (ns),10918488800.0
Number Questions Asked,50,
Number Questions Correctly Answered,47,
Aerage Response Time Per Question (ns),7008416782,
Question 1,Estimated task time (ns),9521040897.0
Question 2,Estimated task time (ns),2689236167.0
Question 3,Estimated task time (ns),5586144569.0
Question 4,Estimated task time (ns),7789643983.0
Question 5,Estimated task time (ns),4916837499.0
Question 6,Estimated task time (ns),5530904482.0
Question 7,Estimated task time (ns),6324564985.0
Question 8,Estimated task time (ns),4493400955.0
Question 9,Estimated task time (ns),6964418683.0
Question 10,Estimated task time (ns),2039944705.0
Question 11,Estimated task time (ns),3974492143.0
Question 12,Estimated task time (ns),4560069463.0
Question 13,Estimated task time (ns),6266620045.0
Question 14,Estimated task time (ns),5057635125.0
Question 15,Estimated task time (ns),3756528385.0
Question 16,Estimated task time (ns),9426864982.0
Question 17,Estimated task time (ns),5678586015.0
Question 18,Estimated task time (ns),4998628208.0
Question 19,Estimated task time (ns),5890053697.0
Question 20,Estimated task time (ns),3566777442.0
Question 21,Estimated task time (ns),2731064405.0
Question 22,Estimated task time (ns),5528694325.0
Question 23,Estimated task time (ns),7646193243.0
Question 24,Estimated task time (ns),2432780830.0
Question 25,Estimated task time (ns),5930956329.0
Question 26,Estimated task time (ns),4837812073.0
Question 27,Estimated task time (ns),7004278840.0
Question 28,Estimated task time (ns),4114603665.0
Question 29,Estimated task time (ns),5444826458.0
Question 30,Estimated task time (ns),6133907177.0
Question 31,Estimated task time (ns),5410047828.0
Question 32,Estimated task time (ns),6893437303.0
Question 33,Estimated task time (ns),4286223898.0
Question 34,Estimated task time (ns),4067072395.0
Question 35,Estimated task time (ns),2341982747.0
Question 36,Estimated task time (ns),4669100440.0
Question 37,Estimated task time (ns),2460839833.0
Question 38,Estimated task time (ns),7081916080.0
Question 39,Estimated task time (ns),6864958768.0
Question 40,Estimated task time (ns),2137590300.0
Question 41,Estimated task time (ns),6507268263.0
Question 42,Estimated task time (ns),4318625145.0
Question 43,Estimated task time (ns),6160625377.0
Question 44,Estimated task time (ns),5612614255.0
Question 45,Estimated task time (ns),5211394532.0
Question 46,Estimated task time (ns),6123058740.0
Question 47,Estimated task time (ns),6051004365.0
Question 48,Estimated task time (ns),5713043735.0
Question 49,Estimated task time (ns),3562169893.0
Question 50,Estimated task time (ns),14283881810.0
Number Questions Asked,50,
Number Questions Correctly Answered,50,
Aerage Response Time Per Question (ns),5411887309,
Question 1,Estimated task time (ns),7066720000.0
Question 2,Estimated task time (ns),4117539200.0
Question 3,Estimated task time (ns),5113436500.0
Question 4,Estimated task time (ns),3062621200.0
Question 5,Estimated task time (ns),12738895200.0
Question 6,Estimated task time (ns),6676689000.0
Question 7,Estimated task time (ns),4567751300.0
Question 8,Estimated task time (ns),6266638300.0
Question 9,Estimated task time (ns),5440651900.0
Question 10,Estimated task time (ns),6861142700.0
Question 11,Estimated task time (ns),4322093600.0
Question 12,Estimated task time (ns),4218608900.0
Question 13,Estimated task time (ns),3983901900.0
Question 14,Estimated task time (ns),6929874800.0
Question 15,Estimated task time (ns),7917044500.0
Question 16,Estimated task time (ns),4002495800.0
Question 17,Estimated task time (ns),5610717600.0
Question 18,Estimated task time (ns),5713032000.0
Question 19,Estimated task time (ns),7305011400.0
Question 20,Estimated task time (ns),5879634100.0
Question 21,Estimated task time (ns),15677918200.0
Question 22,Estimated task time (ns),5634529500.0
Question 23,Estimated task time (ns),11174345900.0
Question 24,Estimated task time (ns),5901450600.0
Question 25,Estimated task time (ns),4070749500.0
Question 26,Estimated task time (ns),2992909400.0
Question 27,Estimated task time (ns),8954832900.0
Question 28,Estimated task time (ns),5700038000.0
Question 29,Estimated task time (ns),5014808500.0
Question 30,Estimated task time (ns),5659920800.0
Question 31,Estimated task time (ns),5604932000.0
Question 32,Estimated task time (ns),4706850500.0
Question 33,Estimated task time (ns),4675758400.0
Question 34,Estimated task time (ns),10961930500.0
Question 35,Estimated task time (ns),10532771600.0
Question 36,Estimated task time (ns),4439099500.0
Question 37,Estimated task time (ns),3384643100.0
Question 38,Estimated task time (ns),10372976700.0
Question 39,Estimated task time (ns),8352861600.0
Question 40,Estimated task time (ns),7752932100.0
Question 41,Estimated task time (ns),37954009500.0
Question 42,Estimated task time (ns),42437932300.0
Question 43,Estimated task time (ns),15028710900.0
Question 44,Estimated task time (ns),29421890200.0
Question 45,Estimated task time (ns),65560904000.0
Question 46,Estimated task time (ns),8120501000.0
Question 47,Estimated task time (ns),8328685400.0
Question 48,Estimated task time (ns),4888878100.0
Question 49,Estimated task time (ns),5855877500.0
Question 50,Estimated task time (ns),7580769500.0
Number Questions Asked,50,
Number Questions Correctly Answered,50,
Aerage Response Time Per Question (ns),9690778352,
Question 1,Estimated task time (ns),7620643500.0
Question 2,Estimated task time (ns),4614512400.0
Question 3,Estimated task time (ns),7165915700.0
Question 4,Estimated task time (ns),3950184600.0
Question 5,Estimated task time (ns),2181742400.0
Question 6,Estimated task time (ns),20306472900.0
Question 7,Estimated task time (ns),8902667600.0
Question 8,Estimated task time (ns),4829547400.0
Question 9,Estimated task time (ns),5191604000.0
Question 10,Estimated task time (ns),13272025700.0
Question 11,Estimated task time (ns),6687787600.0
Question 12,Estimated task time (ns),12659347100.0
Question 13,Estimated task time (ns),3515307100.0
Question 14,Estimated task time (ns),2809297000.0
Question 15,Estimated task time (ns),11522776500.0
Question 16,Estimated task time (ns),8321670400.0
Question 17,Estimated task time (ns),4578262000.0
Question 18,Estimated task time (ns),4033373600.0
Question 19,Estimated task time (ns),3977530400.0
Question 20,Estimated task time (ns),2117306000.0
Question 21,Estimated task time (ns),1847748800.0
Question 22,Estimated task time (ns),4125681900.0
Question 23,Estimated task time (ns),4769927800.0
Question 24,Estimated task time (ns),6368201000.0
Question 25,Estimated task time (ns),7648696000.0
Question 26,Estimated task time (ns),3595594100.0
Question 27,Estimated task time (ns),8508630000.0
Question 28,Estimated task time (ns),16594455100.0
Question 29,Estimated task time (ns),11781982100.0
Question 30,Estimated task time (ns),7461517500.0
Question 31,Estimated task time (ns),4396005400.0
Question 32,Estimated task time (ns),2379044300.0
Question 33,Estimated task time (ns),7952080900.0
Question 34,Estimated task time (ns),18243254600.0
Question 35,Estimated task time (ns),11501714800.0
Question 36,Estimated task time (ns),11974634800.0
Question 37,Estimated task time (ns),7431902700.0
Question 38,Estimated task time (ns),11142615700.0
Question 39,Estimated task time (ns),3107598000.0
Question 40,Estimated task time (ns),4813316600.0
Question 41,Estimated task time (ns),4600402800.0
Question 42,Estimated task time (ns),6407150400.0
Question 43,Estimated task time (ns),4211286700.0
Question 44,Estimated task time (ns),6584824900.0
Question 45,Estimated task time (ns),10186115800.0
Question 46,Estimated task time (ns),2956058700.0
Question 47,Estimated task time (ns),1992065200.0
Question 48,Estimated task time (ns),10950938200.0
Question 49,Estimated task time (ns),14956394300.0
Question 50,Estimated task time (ns),2093121500.0
Number Questions Asked,50,
Number Questions Correctly Answered,49,
Aerage Response Time Per Question (ns),7176818690,
Question 1,Estimated task time (ns),3927013476.0
Question 2,Estimated task time (ns),4519776051.0
Question 3,Estimated task time (ns),19239475135.0
Question 4,Estimated task time (ns),8728214986.0
Question 5,Estimated task time (ns),11448008952.0
Question 6,Estimated task time (ns),11102864339.0
Question 7,Estimated task time (ns),6712540790.0
Question 8,Estimated task time (ns),7328265629.0
Question 9,Estimated task time (ns),6519336133.0
Question 10,Estimated task time (ns),12280228872.0
Question 11,Estimated task time (ns),9359780169.0
Question 12,Estimated task time (ns),7816235271.0
Question 13,Estimated task time (ns),11975028040.0
Question 14,Estimated task time (ns),15703977151.0
Question 15,Estimated task time (ns),6175655835.0
Question 16,Estimated task time (ns),6095456410.0
Question 17,Estimated task time (ns),6536098883.0
Question 18,Estimated task time (ns),7520009567.0
Question 19,Estimated task time (ns),4502552639.0
Question 20,Estimated task time (ns),5344896961.0
Question 21,Estimated task time (ns),4303052512.0
Question 22,Estimated task time (ns),4440557732.0
Question 23,Estimated task time (ns),5807925466.0
Question 24,Estimated task time (ns),3918754608.0
Question 25,Estimated task time (ns),6831741073.0
Question 26,Estimated task time (ns),8961429334.0
Question 27,Estimated task time (ns),5735483810.0
Question 28,Estimated task time (ns),3863797420.0
Question 29,Estimated task time (ns),5792049247.0
Question 30,Estimated task time (ns),3351902810.0
Question 31,Estimated task time (ns),5143614266.0
Question 32,Estimated task time (ns),8639761327.0
Question 33,Estimated task time (ns),10551131000.0
Question 34,Estimated task time (ns),13176067513.0
Question 35,Estimated task time (ns),17832315641.0
Question 36,Estimated task time (ns),5664198754.0
Question 37,Estimated task time (ns),7679996104.0
Question 38,Estimated task time (ns),8191867733.0
Question 39,Estimated task time (ns),6311718774.0
Question 40,Estimated task time (ns),9551513049.0
Question 41,Estimated task time (ns),8591802166.0
Question 42,Estimated task time (ns),7311931653.0
Question 43,Estimated task time (ns),7823963854.0
Question 44,Estimated task time (ns),3159851884.0
Question 45,Estimated task time (ns),6648298547.0
Question 46,Estimated task time (ns),2357965618.0
Question 47,Estimated task time (ns),2671352118.0
Question 48,Estimated task time (ns),8169721781.0
Question 49,Estimated task time (ns),7583702390.0
Question 50,Estimated task time (ns),7256271710.0
Number Questions Asked,50,
Number Questions Correctly Answered,48,
Aerage Response Time Per Question (ns),7603183103,
Question 1,Estimated task time (ns),2449063700.0
Question 2,Estimated task time (ns),1783285700.0
Question 3,Estimated task time (ns),1325291000.0
Question 4,Estimated task time (ns),1375710000.0
Question 5,Estimated task time (ns),1499588100.0
Question 6,Estimated task time (ns),1091888700.0
Question 7,Estimated task time (ns),1988539900.0
Question 8,Estimated task time (ns),2055979700.0
Question 9,Estimated task time (ns),2325169500.0
Question 10,Estimated task time (ns),1751562400.0
Question 11,Estimated task time (ns),1795524700.0
Question 12,Estimated task time (ns),1797279700.0
Question 13,Estimated task time (ns),1720158400.0
Question 14,Estimated task time (ns),2468408100.0
Question 15,Estimated task time (ns),2842733500.0
Question 16,Estimated task time (ns),1679786900.0
Question 17,Estimated task time (ns),1741316500.0
Question 18,Estimated task time (ns),2238526900.0
Question 19,Estimated task time (ns),1436415200.0
Question 20,Estimated task time (ns),2296393700.0
Question 21,Estimated task time (ns),2680564900.0
Question 22,Estimated task time (ns),3251602900.0
Question 23,Estimated task time (ns),2161518600.0
Question 24,Estimated task time (ns),1357346600.0
Question 25,Estimated task time (ns),3831770400.0
Question 26,Estimated task time (ns),2475306600.0
Question 27,Estimated task time (ns),2769534000.0
Question 28,Estimated task time (ns),2685117000.0
Question 29,Estimated task time (ns),2873844200.0
Question 30,Estimated task time (ns),2682947700.0
Question 31,Estimated task time (ns),1662872400.0
Question 32,Estimated task time (ns),1838584800.0
Question 33,Estimated task time (ns),1548300500.0
Question 34,Estimated task time (ns),2045216300.0
Question 35,Estimated task time (ns),1620053000.0
Question 36,Estimated task time (ns),1598853600.0
Question 37,Estimated task time (ns),3871305200.0
Question 38,Estimated task time (ns),2431510600.0
Question 39,Estimated task time (ns),2745730700.0
Question 40,Estimated task time (ns),2373867400.0
Question 41,Estimated task time (ns),1684192900.0
Question 42,Estimated task time (ns),3725719300.0
Question 43,Estimated task time (ns),1786371300.0
Question 44,Estimated task time (ns),3247297300.0
Question 45,Estimated task time (ns),4122539700.0
Question 46,Estimated task time (ns),1627238600.0
Question 47,Estimated task time (ns),2547836400.0
Question 48,Estimated task time (ns),3146462000.0
Question 49,Estimated task time (ns),4305848500.0
Question 50,Estimated task time (ns),5564160700.0
Number Questions Asked,50,
Number Questions Correctly Answered,44,
Aerage Response Time Per Question (ns),2358522728,
Question 1,Estimated task time (ns),5513218200.0
Question 2,Estimated task time (ns),11327923200.0
Question 3,Estimated task time (ns),7875239700.0
Question 4,Estimated task time (ns),8224132100.0
Question 5,Estimated task time (ns),5247762900.0
Question 6,Estimated task time (ns),3996019300.0
Question 7,Estimated task time (ns),6619650100.0
Question 8,Estimated task time (ns),8354415200.0
Question 9,Estimated task time (ns),4194127800.0
Question 10,Estimated task time (ns),3971701600.0
Question 11,Estimated task time (ns),5520432400.0
Question 12,Estimated task time (ns),3464583100.0
Question 13,Estimated task time (ns),7382541100.0
Question 14,Estimated task time (ns),10031449400.0
Question 15,Estimated task time (ns),3618025200.0
Question 16,Estimated task time (ns),12072149300.0
Question 17,Estimated task time (ns),10322130000.0
Question 18,Estimated task time (ns),3752416300.0
Question 19,Estimated task time (ns),10350282300.0
Question 20,Estimated task time (ns),4798338500.0
Question 21,Estimated task time (ns),2197909700.0
Question 22,Estimated task time (ns),3983311700.0
Question 23,Estimated task time (ns),3541258600.0
Question 24,Estimated task time (ns),2763308200.0
Question 25,Estimated task time (ns),4208785700.0
Question 26,Estimated task time (ns),5916629000.0
Question 27,Estimated task time (ns),2868158400.0
Question 28,Estimated task time (ns),17348553800.0
Question 29,Estimated task time (ns),7645439400.0
Question 30,Estimated task time (ns),6944312600.0
Question 31,Estimated task time (ns),7010273800.0
Question 32,Estimated task time (ns),7338047200.0
Question 33,Estimated task time (ns),7755900900.0
Question 34,Estimated task time (ns),3041825400.0
Question 35,Estimated task time (ns),3497911700.0
Question 36,Estimated task time (ns),7494412400.0
Question 37,Estimated task time (ns),6934526400.0
Question 38,Estimated task time (ns),2345368700.0
Question 39,Estimated task time (ns),28177485200.0
Question 40,Estimated task time (ns),6459362800.0
Question 41,Estimated task time (ns),4519565100.0
Question 42,Estimated task time (ns),4677599900.0
Question 43,Estimated task time (ns),9089265900.0
Question 44,Estimated task time (ns),9370974700.0
Question 45,Estimated task time (ns),4394415900.0
Question 46,Estimated task time (ns),2605933800.0
Question 47,Estimated task time (ns),4463011100.0
Question 48,Estimated task time (ns),4509077400.0
Question 49,Estimated task time (ns),3292073200.0
Question 50,Estimated task time (ns),7100252900.0
Number Questions Asked,50,
Number Questions Correctly Answered,50,
Aerage Response Time Per Question (ns),6562629784,
Question 1,Estimated task time (ns),9437542571.0
Question 2,Estimated task time (ns),5262492183.0
Question 3,Estimated task time (ns),5106992413.0
Question 4,Estimated task time (ns),12325317167.0
Question 5,Estimated task time (ns),3815344362.0
Question 6,Estimated task time (ns),3244938855.0
Question 7,Estimated task time (ns),5958720423.0
Question 8,Estimated task time (ns),3741856309.0
Question 9,Estimated task time (ns),10122912355.0
Question 10,Estimated task time (ns),6695223855.0
Question 11,Estimated task time (ns),10190275749.0
Question 12,Estimated task time (ns),4349776489.0
Question 13,Estimated task time (ns),7344956271.0
Question 14,Estimated task time (ns),8095181462.0
Question 15,Estimated task time (ns),4598626748.0
Question 16,Estimated task time (ns),9775734183.0
Question 17,Estimated task time (ns),8622815193.0
Question 18,Estimated task time (ns),7508767628.0
Question 19,Estimated task time (ns),8210713782.0
Question 20,Estimated task time (ns),5130320775.0
Question 21,Estimated task time (ns),4548174216.0
Question 22,Estimated task time (ns),5556830183.0
Question 23,Estimated task time (ns),2542869886.0
Question 24,Estimated task time (ns),3203113198.0
Question 25,Estimated task time (ns),4754818765.0
Question 26,Estimated task time (ns),2441564246.0
Question 27,Estimated task time (ns),5260970947.0
Question 28,Estimated task time (ns),4386407836.0
Question 29,Estimated task time (ns),3968768364.0
Question 30,Estimated task time (ns),12791196365.0
Question 31,Estimated task time (ns),13576787291.0
Question 32,Estimated task time (ns),2873611136.0
Question 33,Estimated task time (ns),6981430491.0
Question 34,Estimated task time (ns),2825945421.0
Question 35,Estimated task time (ns),11244128808.0
Question 36,Estimated task time (ns),12951125575.0
Question 37,Estimated task time (ns),4184124361.0
Question 38,Estimated task time (ns),3130627793.0
Question 39,Estimated task time (ns),4596512893.0
Question 40,Estimated task time (ns),1744458661.0
Question 41,Estimated task time (ns),10277927549.0
Question 42,Estimated task time (ns),3042990877.0
Question 43,Estimated task time (ns),5945628046.0
Question 44,Estimated task time (ns),3839906969.0
Question 45,Estimated task time (ns),10273978093.0
Question 46,Estimated task time (ns),3452192547.0
Question 47,Estimated task time (ns),2088302362.0
Question 48,Estimated task time (ns),2196879577.0
Question 49,Estimated task time (ns),10300977244.0
Question 50,Estimated task time (ns),11800893493.0
Number Questions Asked,50,
Number Questions Correctly Answered,48,
Aerage Response Time Per Question (ns),6326433039,
Question 1,Estimated task time (ns),5021062500.0
Question 2,Estimated task time (ns),9229468099.0
Question 3,Estimated task time (ns),4558909899.0
Question 4,Estimated task time (ns),4685599099.0
Question 5,Estimated task time (ns),10524814300.0
Question 6,Estimated task time (ns),8923919200.0
Question 7,Estimated task time (ns),10655192599.0
Question 8,Estimated task time (ns),4341925200.0
Question 9,Estimated task time (ns),5537606201.0
Question 10,Estimated task time (ns),6328243800.0
Question 11,Estimated task time (ns),2793256000.0
Question 12,Estimated task time (ns),5200299700.0
Question 13,Estimated task time (ns),5898266199.0
Question 14,Estimated task time (ns),17830212301.0
Question 15,Estimated task time (ns),15937646001.0
Question 16,Estimated task time (ns),2016177100.0
Question 17,Estimated task time (ns),8615028800.0
Question 18,Estimated task time (ns),10336767099.0
Question 19,Estimated task time (ns),8130343201.0
Question 20,Estimated task time (ns),2109557900.0
Question 21,Estimated task time (ns),2970295899.0
Question 22,Estimated task time (ns),4581528600.0
Question 23,Estimated task time (ns),3282840000.0
Question 24,Estimated task time (ns),9813643200.0
Question 25,Estimated task time (ns),10868588900.0
Question 26,Estimated task time (ns),11811401300.0
Question 27,Estimated task time (ns),9928765500.0
Question 28,Estimated task time (ns),12349761300.0
Question 29,Estimated task time (ns),7855088800.0
Question 30,Estimated task time (ns),12958612000.0
Question 31,Estimated task time (ns),11982277300.0
Question 32,Estimated task time (ns),5488992900.0
Question 33,Estimated task time (ns),2401196901.0
Question 34,Estimated task time (ns),2200455999.0
Question 35,Estimated task time (ns),3120985001.0
Question 36,Estimated task time (ns),7048087000.0
Question 37,Estimated task time (ns),10807638100.0
Question 38,Estimated task time (ns),7126760201.0
Question 39,Estimated task time (ns),8782846500.0
Question 40,Estimated task time (ns),14864410600.0
Question 41,Estimated task time (ns),6945892800.0
Question 42,Estimated task time (ns),1717021100.0
Question 43,Estimated task time (ns),3803999700.0
Question 44,Estimated task time (ns),4731363500.0
Question 45,Estimated task time (ns),2906865800.0
Question 46,Estimated task time (ns),4659175000.0
Question 47,Estimated task time (ns),4853935500.0
Question 48,Estimated task time (ns),10714635900.0
Question 49,Estimated task time (ns),7518164000.0
Question 50,Estimated task time (ns),2444065400.0
Number Questions Asked,50,
Number Questions Correctly Answered,50,
Aerage Response Time Per Question (ns),7184271797,
Question 1,Estimated task time (ns),8946088044.0
Question 2,Estimated task time (ns),2366852017.0
Question 3,Estimated task time (ns),2400478058.0
Question 4,Estimated task time (ns),5672031853.0
Question 5,Estimated task time (ns),4118201786.0
Question 6,Estimated task time (ns),2817236898.0
Question 7,Estimated task time (ns),5270119262.0
Question 8,Estimated task time (ns),3498493460.0
Question 9,Estimated task time (ns),3866393169.0
Question 10,Estimated task time (ns),2407879328.0
Question 11,Estimated task time (ns),2746232457.0
Question 12,Estimated task time (ns),3170322108.0
Question 13,Estimated task time (ns),3538669114.0
Question 14,Estimated task time (ns),2345360292.0
Question 15,Estimated task time (ns),4020332925.0
Question 16,Estimated task time (ns),6711361362.0
Question 17,Estimated task time (ns),3610064684.0
Question 18,Estimated task time (ns),11461733458.0
Question 19,Estimated task time (ns),5638673362.0
Question 20,Estimated task time (ns),3049861637.0
Question 21,Estimated task time (ns),2437442448.0
Question 22,Estimated task time (ns),5838127959.0
Question 23,Estimated task time (ns),5272018685.0
Question 24,Estimated task time (ns),4797529168.0
Question 25,Estimated task time (ns),5844683338.0
Question 26,Estimated task time (ns),2617031261.0
Question 27,Estimated task time (ns),6326778704.0
Question 28,Estimated task time (ns),3662951150.0
Question 29,Estimated task time (ns),7499150807.0
Question 30,Estimated task time (ns),4890051114.0
Question 31,Estimated task time (ns),3623674409.0
Question 32,Estimated task time (ns),2036293027.0
Question 33,Estimated task time (ns),5915716866.0
Question 34,Estimated task time (ns),3080431910.0
Question 35,Estimated task time (ns),3863801749.0
Question 36,Estimated task time (ns),2137641696.0
Question 37,Estimated task time (ns),7604300296.0
Question 38,Estimated task time (ns),4206976145.0
Question 39,Estimated task time (ns),2325728246.0
Question 40,Estimated task time (ns),5393632404.0
Question 41,Estimated task time (ns),5439279468.0
Question 42,Estimated task time (ns),6044555469.0
Question 43,Estimated task time (ns),3335879590.0
Question 44,Estimated task time (ns),2786887037.0
Question 45,Estimated task time (ns),3416998052.0
Question 46,Estimated task time (ns),7433307450.0
Question 47,Estimated task time (ns),7889024019.0
Question 48,Estimated task time (ns),5518133301.0
Question 49,Estimated task time (ns),3423670965.0
Question 50,Estimated task time (ns),5779394429.0
Number Questions Asked,50,
Number Questions Correctly Answered,49,
Aerage Response Time Per Question (ns),4561949528,
Question 1,Estimated task time (ns),9138862200.0
Question 2,Estimated task time (ns),12020924100.0
Question 3,Estimated task time (ns),6789850800.0
Question 4,Estimated task time (ns),23657714700.0
Question 5,Estimated task time (ns),3800934600.0
Question 6,Estimated task time (ns),25294314600.0
Question 7,Estimated task time (ns),8479563600.0
Question 8,Estimated task time (ns),20505260900.0
Question 9,Estimated task time (ns),6438536600.0
Question 10,Estimated task time (ns),5238520800.0
Question 11,Estimated task time (ns),2570170500.0
Question 12,Estimated task time (ns),4242036300.0
Question 13,Estimated task time (ns),4279836800.0
Question 14,Estimated task time (ns),9656528600.0
Question 15,Estimated task time (ns),7391147700.0
Question 16,Estimated task time (ns),4726858000.0
Question 17,Estimated task time (ns),7521279500.0
Question 18,Estimated task time (ns),5157686700.0
Question 19,Estimated task time (ns),3580879700.0
Question 20,Estimated task time (ns),9473785900.0
Question 21,Estimated task time (ns),5946031600.0
Question 22,Estimated task time (ns),6368297800.0
Question 23,Estimated task time (ns),7767737300.0
Question 24,Estimated task time (ns),17255202300.0
Question 25,Estimated task time (ns),5389581400.0
Question 26,Estimated task time (ns),2337544000.0
Question 27,Estimated task time (ns),6129572400.0
Question 28,Estimated task time (ns),11832581600.0
Question 29,Estimated task time (ns),2948399000.0
Question 30,Estimated task time (ns),7707551300.0
Question 31,Estimated task time (ns),2952945100.0
Question 32,Estimated task time (ns),2362257400.0
Question 33,Estimated task time (ns),2564894400.0
Question 34,Estimated task time (ns),9420774700.0
Question 35,Estimated task time (ns),6106269700.0
Question 36,Estimated task time (ns),17478847200.0
Question 37,Estimated task time (ns),7303446200.0
Question 38,Estimated task time (ns),16811279600.0
Question 39,Estimated task time (ns),7748913600.0
Question 40,Estimated task time (ns),8020661900.0
Question 41,Estimated task time (ns),6327184600.0
Question 42,Estimated task time (ns),4062356100.0
Question 43,Estimated task time (ns),3995565600.0
Question 44,Estimated task time (ns),4728742900.0
Question 45,Estimated task time (ns),5636564400.0
Question 46,Estimated task time (ns),5093674700.0
Question 47,Estimated task time (ns),2848644400.0
Question 48,Estimated task time (ns),6920135600.0
Question 49,Estimated task time (ns),5295868700.0
Question 50,Estimated task time (ns),8440854100.0
Number Questions Asked,50,
Number Questions Correctly Answered,47,
Aerage Response Time Per Question (ns),7755341444,
Question 1,Estimated task time (ns),9713931932.0
Question 2,Estimated task time (ns),8608375340.0
Question 3,Estimated task time (ns),3542948337.0
Question 4,Estimated task time (ns),7440573637.0
Question 5,Estimated task time (ns),5231679669.0
Question 6,Estimated task time (ns),4638878521.0
Question 7,Estimated task time (ns),2936832239.0
Question 8,Estimated task time (ns),9311389088.0
Question 9,Estimated task time (ns),3831648196.0
Question 10,Estimated task time (ns),2847031496.0
Question 11,Estimated task time (ns),6768671670.0
Question 12,Estimated task time (ns),4591585660.0
Question 13,Estimated task time (ns),3575896179.0
Question 14,Estimated task time (ns),4031612275.0
Question 15,Estimated task time (ns),6871488366.0
Question 16,Estimated task time (ns),7855582334.0
Question 17,Estimated task time (ns),7463664152.0
Question 18,Estimated task time (ns),4303643215.0
Question 19,Estimated task time (ns),4239753276.0
Question 20,Estimated task time (ns),5814811989.0
Question 21,Estimated task time (ns),6375744286.0
Question 22,Estimated task time (ns),16399424242.0
Question 23,Estimated task time (ns),9591630817.0
Question 24,Estimated task time (ns),3240623583.0
Question 25,Estimated task time (ns),3774944451.0
Question 26,Estimated task time (ns),5423753167.0
Question 27,Estimated task time (ns),3560693167.0
Question 28,Estimated task time (ns),4439730355.0
Question 29,Estimated task time (ns),4039806644.0
Question 30,Estimated task time (ns),4663536206.0
Question 31,Estimated task time (ns),3591843947.0
Question 32,Estimated task time (ns),8423685430.0
Question 33,Estimated task time (ns),3223587589.0
Question 34,Estimated task time (ns),4671762732.0
Question 35,Estimated task time (ns),4271848941.0
Question 36,Estimated task time (ns),4887595895.0
Question 37,Estimated task time (ns),4079868838.0
Question 38,Estimated task time (ns),6735755985.0
Question 39,Estimated task time (ns),6783299950.0
Question 40,Estimated task time (ns),7295928474.0
Question 41,Estimated task time (ns),2735710143.0
Question 42,Estimated task time (ns),7502960037.0
Question 43,Estimated task time (ns),4440349218.0
Question 44,Estimated task time (ns),10367645363.0
Question 45,Estimated task time (ns),4567840361.0
Question 46,Estimated task time (ns),4127682721.0
Question 47,Estimated task time (ns),5271673101.0
Question 48,Estimated task time (ns),3151744464.0
Question 49,Estimated task time (ns),5831173359.0
Question 50,Estimated task time (ns),3583524027.0
Number Questions Asked,50,
Number Questions Correctly Answered,50,
Aerage Response Time Per Question (ns),5613507301,
Question 1,Estimated task time (ns),5759494900.0
Question 2,Estimated task time (ns),12789369400.0
Question 3,Estimated task time (ns),7823032300.0
Question 4,Estimated task time (ns),12267638100.0
Question 5,Estimated task time (ns),7525005000.0
Question 6,Estimated task time (ns),7180077900.0
Question 7,Estimated task time (ns),5068868100.0
Question 8,Estimated task time (ns),7983022900.0
Question 9,Estimated task time (ns),7997432900.0
Question 10,Estimated task time (ns),11746371800.0
Question 11,Estimated task time (ns),10933041000.0
Question 12,Estimated task time (ns),6304390000.0
Question 13,Estimated task time (ns),8548192100.0
Question 14,Estimated task time (ns),2562451100.0
Question 15,Estimated task time (ns),11481790600.0
Question 16,Estimated task time (ns),8858635500.0
Question 17,Estimated task time (ns),9985178100.0
Question 18,Estimated task time (ns),12324911000.0
Question 19,Estimated task time (ns),10693625600.0
Question 20,Estimated task time (ns),7418153500.0
Question 21,Estimated task time (ns),7254178200.0
Question 22,Estimated task time (ns),9775688800.0
Question 23,Estimated task time (ns),5653520700.0
Question 24,Estimated task time (ns),8014768500.0
Question 25,Estimated task time (ns),8847432900.0
Question 26,Estimated task time (ns),14035251800.0
Question 27,Estimated task time (ns),12565945700.0
Question 28,Estimated task time (ns),9710361100.0
Question 29,Estimated task time (ns),7641238800.0
Question 30,Estimated task time (ns),6839669800.0
Question 31,Estimated task time (ns),7960924800.0
Question 32,Estimated task time (ns),7455455800.0
Question 33,Estimated task time (ns),6484250200.0
Question 34,Estimated task time (ns),10810273100.0
Question 35,Estimated task time (ns),11390947900.0
Question 36,Estimated task time (ns),6584210000.0
Question 37,Estimated task time (ns),9328980500.0
Question 38,Estimated task time (ns),12345295100.0
Question 39,Estimated task time (ns),7602491400.0
Question 40,Estimated task time (ns),10884062100.0
Question 41,Estimated task time (ns),9139118000.0
Question 42,Estimated task time (ns),9502201100.0
Question 43,Estimated task time (ns),4876816300.0
Question 44,Estimated task time (ns),3881110300.0
Question 45,Estimated task time (ns),22900703400.0
Question 46,Estimated task time (ns),8461532400.0
Question 47,Estimated task time (ns),11516340300.0
Question 48,Estimated task time (ns),17264823700.0
Question 49,Estimated task time (ns),7420121200.0
Question 50,Estimated task time (ns),8616933000.0
Number Questions Asked,50,
Number Questions Correctly Answered,45,
Aerage Response Time Per Question (ns),9200306574,
Question 1,Estimated task time (ns),4292684900.0
Question 2,Estimated task time (ns),4576206500.0
Question 3,Estimated task time (ns),10134306100.0
Question 4,Estimated task time (ns),2112223100.0
Question 5,Estimated task time (ns),6132227200.0
Question 6,Estimated task time (ns),3512300000.0
Question 7,Estimated task time (ns),9691889500.0
Question 8,Estimated task time (ns),8068275600.0
Question 9,Estimated task time (ns),5365623600.0
Question 10,Estimated task time (ns),3023990000.0
Question 11,Estimated task time (ns),3481249000.0
Question 12,Estimated task time (ns),4160209600.0
Question 13,Estimated task time (ns),6783231900.0
Question 14,Estimated task time (ns),7455672100.0
Question 15,Estimated task time (ns),3677776800.0
Question 16,Estimated task time (ns),5964178500.0
Question 17,Estimated task time (ns),1999883500.0
Question 18,Estimated task time (ns),2452533400.0
Question 19,Estimated task time (ns),4900572000.0
Question 20,Estimated task time (ns),5693835100.0
Question 21,Estimated task time (ns),4331465800.0
Question 22,Estimated task time (ns),4041914800.0
Question 23,Estimated task time (ns),13204678400.0
Question 24,Estimated task time (ns),7611969400.0
Question 25,Estimated task time (ns),3135825600.0
Question 26,Estimated task time (ns),1866444300.0
Question 27,Estimated task time (ns),1749581400.0
Question 28,Estimated task time (ns),1847370900.0
Question 29,Estimated task time (ns),3519185600.0
Question 30,Estimated task time (ns),5430977600.0
Question 31,Estimated task time (ns),6320671500.0
Question 32,Estimated task time (ns),3431710900.0
Question 33,Estimated task time (ns),1742553400.0
Question 34,Estimated task time (ns),3590268500.0
Question 35,Estimated task time (ns),3895388100.0
Question 36,Estimated task time (ns),1746407400.0
Question 37,Estimated task time (ns),7814979600.0
Question 38,Estimated task time (ns),6358106900.0
Question 39,Estimated task time (ns),5661957000.0
Question 40,Estimated task time (ns),3094361600.0
Question 41,Estimated task time (ns),2265012000.0
Question 42,Estimated task time (ns),1865286900.0
Question 43,Estimated task time (ns),5498519100.0
Question 44,Estimated task time (ns),4191722400.0
Question 45,Estimated task time (ns),2896141400.0
Question 46,Estimated task time (ns),3258069600.0
Question 47,Estimated task time (ns),3237639900.0
Question 48,Estimated task time (ns),4103946900.0
Question 49,Estimated task time (ns),3603227600.0
Question 50,Estimated task time (ns),5536580700.0
Number Questions Asked,50,
Number Questions Correctly Answered,49,
Aerage Response Time Per Question (ns),4606616672,
Question 1,Estimated task time (ns),6473493989.0
Question 2,Estimated task time (ns),5356563845.0
Question 3,Estimated task time (ns),5065458204.0
Question 4,Estimated task time (ns),3463975477.0
Question 5,Estimated task time (ns),12269835806.0
Question 6,Estimated task time (ns),10084681369.0
Question 7,Estimated task time (ns),13859786876.0
Question 8,Estimated task time (ns),3542834509.0
Question 9,Estimated task time (ns),4629587516.0
Question 10,Estimated task time (ns),5397510081.0
Question 11,Estimated task time (ns),8446974952.0
Question 12,Estimated task time (ns),3850820290.0
Question 13,Estimated task time (ns),5434909348.0
Question 14,Estimated task time (ns),6115726682.0
Question 15,Estimated task time (ns),4271909221.0
Question 16,Estimated task time (ns),2475700835.0
Question 17,Estimated task time (ns),10685664285.0
Question 18,Estimated task time (ns),10813123764.0
Question 19,Estimated task time (ns),4288409950.0
Question 20,Estimated task time (ns),2799752875.0
Question 21,Estimated task time (ns),3276923659.0
Question 22,Estimated task time (ns),4686724715.0
Question 23,Estimated task time (ns),3797834710.0
Question 24,Estimated task time (ns),7584094545.0
Question 25,Estimated task time (ns),3421649348.0
Question 26,Estimated task time (ns),12308567153.0
Question 27,Estimated task time (ns),2622904765.0
Question 28,Estimated task time (ns),2048408881.0
Question 29,Estimated task time (ns),7732946966.0
Question 30,Estimated task time (ns),2126128616.0
Question 31,Estimated task time (ns),3740817741.0
Question 32,Estimated task time (ns),5144870364.0
Question 33,Estimated task time (ns),2878833725.0
Question 34,Estimated task time (ns),12229644532.0
Question 35,Estimated task time (ns),7185318001.0
Question 36,Estimated task time (ns),6377096078.0
Question 37,Estimated task time (ns),9400279079.0
Question 38,Estimated task time (ns),8491567862.0
Question 39,Estimated task time (ns),4446033459.0
Question 40,Estimated task time (ns),6353004402.0
Question 41,Estimated task time (ns),2810843025.0
Question 42,Estimated task time (ns),4302438122.0
Question 43,Estimated task time (ns),5768849395.0
Question 44,Estimated task time (ns),5221022213.0
Question 45,Estimated task time (ns),6311939490.0
Question 46,Estimated task time (ns),6249871127.0
Question 47,Estimated task time (ns),3853143684.0
Question 48,Estimated task time (ns),2119290507.0
Question 49,Estimated task time (ns),2692424091.0
Question 50,Estimated task time (ns),3692836228.0
Number Questions Asked,50,
Number Questions Correctly Answered,49,
Aerage Response Time Per Question (ns),5764060527,
Question 1,Estimated task time (ns),4203647809.0
Question 2,Estimated task time (ns),5775471798.0
Question 3,Estimated task time (ns),4695361300.0
Question 4,Estimated task time (ns),5503516271.0
Question 5,Estimated task time (ns),4071714689.0
Question 6,Estimated task time (ns),2503865897.0
Question 7,Estimated task time (ns),7079435878.0
Question 8,Estimated task time (ns),8472710199.0
Question 9,Estimated task time (ns),2111022279.0
Question 10,Estimated task time (ns),2519866239.0
Question 11,Estimated task time (ns),3944768013.0
Question 12,Estimated task time (ns),2295372247.0
Question 13,Estimated task time (ns),5335956554.0
Question 14,Estimated task time (ns),2767652769.0
Question 15,Estimated task time (ns),2574895702.0
Question 16,Estimated task time (ns),3248577806.0
Question 17,Estimated task time (ns),2414988754.0
Question 18,Estimated task time (ns),3623921659.0
Question 19,Estimated task time (ns),3824510413.0
Question 20,Estimated task time (ns),4174862177.0
Question 21,Estimated task time (ns),1904778619.0
Question 22,Estimated task time (ns),4415571349.0
Question 23,Estimated task time (ns),4879679111.0
Question 24,Estimated task time (ns),3174757495.0
Question 25,Estimated task time (ns),3321130297.0
Question 26,Estimated task time (ns),8278536840.0
Question 27,Estimated task time (ns),5632121788.0
Question 28,Estimated task time (ns),2424074236.0
Question 29,Estimated task time (ns),5127784135.0
Question 30,Estimated task time (ns),1703791320.0
Question 31,Estimated task time (ns),2071012701.0
Question 32,Estimated task time (ns),4720527518.0
Question 33,Estimated task time (ns),8831685610.0
Question 34,Estimated task time (ns),3695365063.0
Question 35,Estimated task time (ns),2335856318.0
Question 36,Estimated task time (ns),3247912422.0
Question 37,Estimated task time (ns),3462959675.0
Question 38,Estimated task time (ns),2096586017.0
Question 39,Estimated task time (ns),3167601112.0
Question 40,Estimated task time (ns),3943795424.0
Question 41,Estimated task time (ns),4415732136.0
Question 42,Estimated task time (ns),2567609322.0
Question 43,Estimated task time (ns),6278969596.0
Question 44,Estimated task time (ns),3975647296.0
Question 45,Estimated task time (ns),5471719478.0
Question 46,Estimated task time (ns),3735801925.0
Question 47,Estimated task time (ns),3127910369.0
Question 48,Estimated task time (ns),4615605901.0
Question 49,Estimated task time (ns),4519805345.0
Question 50,Estimated task time (ns),3959603849.0
Number Questions Asked,50,
Number Questions Correctly Answered,49,
Aerage Response Time Per Question (ns),4044921014,
Question 1,Estimated task time (ns),3767700300.0
Question 2,Estimated task time (ns),4355306400.0
Question 3,Estimated task time (ns),2085636300.0
Question 4,Estimated task time (ns),4010879200.0
Question 5,Estimated task time (ns),3640608100.0
Question 6,Estimated task time (ns),1911231600.0
Question 7,Estimated task time (ns),3724476600.0
Question 8,Estimated task time (ns),2817713300.0
Question 9,Estimated task time (ns),3047704500.0
Question 10,Estimated task time (ns),3530802500.0
Question 11,Estimated task time (ns),8469206500.0
Question 12,Estimated task time (ns),5561636800.0
Question 13,Estimated task time (ns),7726277400.0
Question 14,Estimated task time (ns),9071573800.0
Question 15,Estimated task time (ns),3960357100.0
Question 16,Estimated task time (ns),3281795400.0
Question 17,Estimated task time (ns),4858254500.0
Question 18,Estimated task time (ns),7222797600.0
Question 19,Estimated task time (ns),7312307100.0
Question 20,Estimated task time (ns),3467502900.0
Question 21,Estimated task time (ns),8116569900.0
Question 22,Estimated task time (ns),2154187600.0
Question 23,Estimated task time (ns),4371958000.0
Question 24,Estimated task time (ns),3898952500.0
Question 25,Estimated task time (ns),3385758200.0
Question 26,Estimated task time (ns),5735058200.0
Question 27,Estimated task time (ns),4249382700.0
Question 28,Estimated task time (ns),2356665600.0
Question 29,Estimated task time (ns),1792634900.0
Question 30,Estimated task time (ns),5237277400.0
Question 31,Estimated task time (ns),4159459200.0
Question 32,Estimated task time (ns),7991989300.0
Question 33,Estimated task time (ns),3847898700.0
Question 34,Estimated task time (ns),3759337800.0
Question 35,Estimated task time (ns),10285297900.0
Question 36,Estimated task time (ns),7065265100.0
Question 37,Estimated task time (ns),2614719600.0
Question 38,Estimated task time (ns),2499728200.0
Question 39,Estimated task time (ns),2559419300.0
Question 40,Estimated task time (ns),5811548800.0
Question 41,Estimated task time (ns),4658277700.0
Question 42,Estimated task time (ns),4037890400.0
Question 43,Estimated task time (ns),4880221000.0
Question 44,Estimated task time (ns),3719083300.0
Question 45,Estimated task time (ns),4387538000.0
Question 46,Estimated task time (ns),2875002100.0
Question 47,Estimated task time (ns),4785062300.0
Question 48,Estimated task time (ns),3273829100.0
Question 49,Estimated task time (ns),1782874700.0
Question 50,Estimated task time (ns),5284683600.0
Number Questions Asked,50,
Number Questions Correctly Answered,48,
Aerage Response Time Per Question (ns),4508026780,
Question 1,Estimated task time (ns),3959803930.0
Question 2,Estimated task time (ns),3860444963.0
Question 3,Estimated task time (ns),3431937030.0
Question 4,Estimated task time (ns),3515905900.0
Question 5,Estimated task time (ns),3567325153.0
Question 6,Estimated task time (ns),1984276898.0
Question 7,Estimated task time (ns),4286612301.0
Question 8,Estimated task time (ns),4727299023.0
Question 9,Estimated task time (ns),1810490694.0
Question 10,Estimated task time (ns),2968243527.0
Question 11,Estimated task time (ns),2678930826.0
Question 12,Estimated task time (ns),3271666654.0
Question 13,Estimated task time (ns),3400789683.0
Question 14,Estimated task time (ns),3292887316.0
Question 15,Estimated task time (ns),3739313326.0
Question 16,Estimated task time (ns),4716236731.0
Question 17,Estimated task time (ns),3410244189.0
Question 18,Estimated task time (ns),4348300200.0
Question 19,Estimated task time (ns),5435517813.0
Question 20,Estimated task time (ns),2693672827.0
Question 21,Estimated task time (ns),5441646158.0
Question 22,Estimated task time (ns),6191184605.0
Question 23,Estimated task time (ns),3432972339.0
Question 24,Estimated task time (ns),3968081745.0
Question 25,Estimated task time (ns),2844399642.0
Question 26,Estimated task time (ns),3823771078.0
Question 27,Estimated task time (ns),5645253567.0
Question 28,Estimated task time (ns),3511324821.0
Question 29,Estimated task time (ns),6193538575.0
Question 30,Estimated task time (ns),3065613311.0
Question 31,Estimated task time (ns),3557732111.0
Question 32,Estimated task time (ns),3697659174.0
Question 33,Estimated task time (ns),3847965197.0
Question 34,Estimated task time (ns),2644905162.0
Question 35,Estimated task time (ns),7154891919.0
Question 36,Estimated task time (ns),2943377089.0
Question 37,Estimated task time (ns),2622688367.0
Question 38,Estimated task time (ns),4646195593.0
Question 39,Estimated task time (ns),4353198399.0
Question 40,Estimated task time (ns),10050777601.0
Question 41,Estimated task time (ns),8514082350.0
Question 42,Estimated task time (ns),6704837152.0
Question 43,Estimated task time (ns),4601125416.0
Question 44,Estimated task time (ns),3563070127.0
Question 45,Estimated task time (ns),3256288974.0
Question 46,Estimated task time (ns),3057170580.0
Question 47,Estimated task time (ns),3070677630.0
Question 48,Estimated task time (ns),5001740498.0
Question 49,Estimated task time (ns),3345805663.0
Question 50,Estimated task time (ns),3614651779.0
Number Questions Asked,50,
Number Questions Correctly Answered,47,
Aerage Response Time Per Question (ns),4109330512,
Question 1,Estimated task time (ns),2852432000.0
Question 2,Estimated task time (ns),2355178400.0
Question 3,Estimated task time (ns),4900544700.0
Question 4,Estimated task time (ns),4617172600.0
Question 5,Estimated task time (ns),4352568200.0
Question 6,Estimated task time (ns),3410351300.0
Question 7,Estimated task time (ns),2730600300.0
Question 8,Estimated task time (ns),3503173400.0
Question 9,Estimated task time (ns),4147316300.0
Question 10,Estimated task time (ns),3413703300.0
Question 11,Estimated task time (ns),1995923500.0
Question 12,Estimated task time (ns),2034587800.0
Question 13,Estimated task time (ns),2402905900.0
Question 14,Estimated task time (ns),3189157600.0
Question 15,Estimated task time (ns),6180936700.0
Question 16,Estimated task time (ns),4843641600.0
Question 17,Estimated task time (ns),4715853600.0
Question 18,Estimated task time (ns),4395123100.0
Question 19,Estimated task time (ns),4712880900.0
Question 20,Estimated task time (ns),4074637900.0
Question 21,Estimated task time (ns),2651774500.0
Question 22,Estimated task time (ns),3105480100.0
Question 23,Estimated task time (ns),2709576900.0
Question 24,Estimated task time (ns),3932972300.0
Question 25,Estimated task time (ns),2068149000.0
Question 26,Estimated task time (ns),3171202000.0
Question 27,Estimated task time (ns),2861025800.0
Question 28,Estimated task time (ns),2339501300.0
Question 29,Estimated task time (ns),2475093000.0
Question 30,Estimated task time (ns),4512857500.0
Question 31,Estimated task time (ns),3361896100.0
Question 32,Estimated task time (ns),4894105500.0
Question 33,Estimated task time (ns),2959859700.0
Question 34,Estimated task time (ns),7830025500.0
Question 35,Estimated task time (ns),6837859900.0
Question 36,Estimated task time (ns),4961560500.0
Question 37,Estimated task time (ns),3423035100.0
Question 38,Estimated task time (ns),3386160300.0
Question 39,Estimated task time (ns),1986808400.0
Question 40,Estimated task time (ns),1834469600.0
Question 41,Estimated task time (ns),4028710400.0
Question 42,Estimated task time (ns),4845322700.0
Question 43,Estimated task time (ns),3557782000.0
Question 44,Estimated task time (ns),4582603700.0
Question 45,Estimated task time (ns),2676416200.0
Question 46,Estimated task time (ns),4213861900.0
Question 47,Estimated task time (ns),7290514300.0
Question 48,Estimated task time (ns),3199216600.0
Question 49,Estimated task time (ns),3148069100.0
Question 50,Estimated task time (ns),2025368200.0
Number Questions Asked,50,
Number Questions Correctly Answered,49,
Aerage Response Time Per Question (ns),3713999344,
Question 1,Estimated task time (ns),20895473000.0
Question 2,Estimated task time (ns),12349860700.0
Question 3,Estimated task time (ns),9986410200.0
Question 4,Estimated task time (ns),8676527400.0
Question 5,Estimated task time (ns),13877852300.0
Question 6,Estimated task time (ns),22794050900.0
Question 7,Estimated task time (ns),49113735300.0
Question 8,Estimated task time (ns),12202837600.0
Question 9,Estimated task time (ns),11720323400.0
Question 10,Estimated task time (ns),8737774300.0
Question 11,Estimated task time (ns),3635695600.0
Question 12,Estimated task time (ns),4123739600.0
Question 13,Estimated task time (ns),10667395700.0
Question 14,Estimated task time (ns),8079485300.0
Question 15,Estimated task time (ns),8190932400.0
Question 16,Estimated task time (ns),10472134800.0
Question 17,Estimated task time (ns),44483869800.0
Question 18,Estimated task time (ns),4238985700.0
Question 19,Estimated task time (ns),3975794000.0
Question 20,Estimated task time (ns),16290038800.0
Question 21,Estimated task time (ns),8820811000.0
Question 22,Estimated task time (ns),9434995600.0
Question 23,Estimated task time (ns),10392326400.0
Question 24,Estimated task time (ns),8214927900.0
Question 25,Estimated task time (ns),10850721200.0
Question 26,Estimated task time (ns),10886847600.0
Question 27,Estimated task time (ns),12074632900.0
Question 28,Estimated task time (ns),27229122800.0
Question 29,Estimated task time (ns),19830610400.0
Question 30,Estimated task time (ns),3560964800.0
Question 31,Estimated task time (ns),12561895800.0
Question 32,Estimated task time (ns),8813262800.0
Question 33,Estimated task time (ns),12525822800.0
Question 34,Estimated task time (ns),12967896100.0
Question 35,Estimated task time (ns),9307966500.0
Question 36,Estimated task time (ns),21505785200.0
Question 37,Estimated task time (ns),10289124200.0
Question 38,Estimated task time (ns),4313879700.0
Question 39,Estimated task time (ns),15249994900.0
Question 40,Estimated task time (ns),11611620000.0
Question 41,Estimated task time (ns),3393907100.0
Question 42,Estimated task time (ns),35670884000.0
Question 43,Estimated task time (ns),12099026700.0
Question 44,Estimated task time (ns),30498695800.0
Question 45,Estimated task time (ns),10931062600.0
Question 46,Estimated task time (ns),32308877800.0
Question 47,Estimated task time (ns),18954143900.0
Question 48,Estimated task time (ns),9048161200.0
Question 49,Estimated task time (ns),8984475800.0
Question 50,Estimated task time (ns),2915190700.0
Number Questions Asked,50,
Number Questions Correctly Answered,46,
Aerage Response Time Per Question (ns),13795211020,
Question 1,Estimated task time (ns),11642615833.0
Question 2,Estimated task time (ns),5595384286.0
Question 3,Estimated task time (ns),2920981168.0
Question 4,Estimated task time (ns),2080600235.0
Question 5,Estimated task time (ns),2498788217.0
Question 6,Estimated task time (ns),3346202624.0
Question 7,Estimated task time (ns),2781561715.0
Question 8,Estimated task time (ns),2490602044.0
Question 9,Estimated task time (ns),2360389213.0
Question 10,Estimated task time (ns),2922049121.0
Question 11,Estimated task time (ns),2782495367.0
Question 12,Estimated task time (ns),4047116307.0
Question 13,Estimated task time (ns),3344183132.0
Question 14,Estimated task time (ns),4048071366.0
Question 15,Estimated task time (ns),4047055902.0
Question 16,Estimated task time (ns),4609691394.0
Question 17,Estimated task time (ns),2219002757.0
Question 18,Estimated task time (ns),4047126278.0
Question 19,Estimated task time (ns),4892481900.0
Question 20,Estimated task time (ns),5594453272.0
Question 21,Estimated task time (ns),6860964976.0
Question 22,Estimated task time (ns),2500742319.0
Question 23,Estimated task time (ns),9110130509.0
Question 24,Estimated task time (ns),6862980362.0
Question 25,Estimated task time (ns),2921017529.0
Question 26,Estimated task time (ns),3204684213.0
Question 27,Estimated task time (ns),3626941676.0
Question 28,Estimated task time (ns),3762152362.0
Question 29,Estimated task time (ns),1796935897.0
Question 30,Estimated task time (ns),5596373946.0
Question 31,Estimated task time (ns),3625922986.0
Question 32,Estimated task time (ns),3064362778.0
Question 33,Estimated task time (ns),2640155613.0
Question 34,Estimated task time (ns),4884957847.0
Question 35,Estimated task time (ns),2360324116.0
Question 36,Estimated task time (ns),3062388444.0
Question 37,Estimated task time (ns),2497596813.0
Question 38,Estimated task time (ns),3064184199.0
Question 39,Estimated task time (ns),6860877885.0
Question 40,Estimated task time (ns),4892471343.0
Question 41,Estimated task time (ns),3483572675.0
Question 42,Estimated task time (ns),4327268307.0
Question 43,Estimated task time (ns),3621963467.0
Question 44,Estimated task time (ns),5315592962.0
Question 45,Estimated task time (ns),3204790657.0
Question 46,Estimated task time (ns),2077639173.0
Question 47,Estimated task time (ns),8831448191.0
Question 48,Estimated task time (ns),2782544044.0
Question 49,Estimated task time (ns),4188463763.0
Question 50,Estimated task time (ns),6017627086.0
Number Questions Asked,50,
Number Questions Correctly Answered,47,
Aerage Response Time Per Question (ns),4106358565,
Question 1,Estimated task time (ns),4430087442.0
Question 2,Estimated task time (ns),3121289711.0
Question 3,Estimated task time (ns),9551786809.0
Question 4,Estimated task time (ns),5718342732.0
Question 5,Estimated task time (ns),4953168718.0
Question 6,Estimated task time (ns),5125619014.0
Question 7,Estimated task time (ns),5399568366.0
Question 8,Estimated task time (ns),3111309226.0
Question 9,Estimated task time (ns),2639346119.0
Question 10,Estimated task time (ns),6305901774.0
Question 11,Estimated task time (ns),2247483075.0
Question 12,Estimated task time (ns),6014699555.0
Question 13,Estimated task time (ns),4951577722.0
Question 14,Estimated task time (ns),6635412731.0
Question 15,Estimated task time (ns),7779958477.0
Question 16,Estimated task time (ns),7315116635.0
Question 17,Estimated task time (ns),1711709192.0
Question 18,Estimated task time (ns),5625098036.0
Question 19,Estimated task time (ns),6894052823.0
Question 20,Estimated task time (ns),12782419277.0
Question 21,Estimated task time (ns),2215319440.0
Question 22,Estimated task time (ns),2750493626.0
Question 23,Estimated task time (ns),5326360078.0
Question 24,Estimated task time (ns),7434290731.0
Question 25,Estimated task time (ns),5041599172.0
Question 26,Estimated task time (ns),10670100532.0
Question 27,Estimated task time (ns),4161080874.0
Question 28,Estimated task time (ns),7917914645.0
Question 29,Estimated task time (ns),9565115067.0
Question 30,Estimated task time (ns),2375678557.0
Question 31,Estimated task time (ns),5367971552.0
Question 32,Estimated task time (ns),4119936846.0
Question 33,Estimated task time (ns),8760265969.0
Question 34,Estimated task time (ns),17956221722.0
Question 35,Estimated task time (ns),11951211526.0
Question 36,Estimated task time (ns),14174883188.0
Question 37,Estimated task time (ns),7529014526.0
Question 38,Estimated task time (ns),6579326926.0
Question 39,Estimated task time (ns),7789446007.0
Question 40,Estimated task time (ns),9617889301.0
Question 41,Estimated task time (ns),1943477352.0
Question 42,Estimated task time (ns),9903795635.0
Question 43,Estimated task time (ns),11982944199.0
Question 44,Estimated task time (ns),7340028033.0
Question 45,Estimated task time (ns),2455606006.0
Question 46,Estimated task time (ns),2879529826.0
Question 47,Estimated task time (ns),5706869490.0
Question 48,Estimated task time (ns),9884115713.0
Question 49,Estimated task time (ns),4843057211.0
Question 50,Estimated task time (ns),2030216529.0
Number Questions Asked,50,
Number Questions Correctly Answered,48,
Aerage Response Time Per Question (ns),6451754154,
